Journal Name,SJR,SJR Best Quartile,Journal h-index,2-year Citations/doc,Median IRSS citations,Number of IRSS Publications,Last IRSS Publication,Last IRSS Author,Author List,Paper Title,Journal Categories
Remote Sensing of Environment,3.862,Q1,303,13.63,68,96,2022,Txomin Hermosilla,"T Hermosilla, MA Wulder, JC White, NC Coops",Land cover classification in an era of big and open data: Optimizing localized implementation and training data selection to improve mapping outcomes,Computers in Earth Sciences (Q1); Geology (Q1); Soil Science (Q1)
Canadian Journal of Remote Sensing,0.631,Q2,76,2.13,20,41,2022,Levi Keay,"L Keay, C Mulverhill, NC Coops, G McCartney",Automated Forest Harvest Detection With a Normalized PlanetScope Imagery Time Series,Earth and Planetary Sciences (miscellaneous) (Q2)
Forest Ecology and Management,1.107,Q1,188,4.2,34,27,2021,Chris Colton,"CP Colton, NC Coops, AC Burton",Grizzly bear (Ursus arctos) responses to forest harvesting: A review of underlying mechanisms and management recommendations,"Forestry (Q1); Management, Monitoring, Policy and Law (Q1); Nature and Landscape Conservation (Q1)"
International Journal of Applied Earth Observation and Geoinformation,1.844,Q1,108,7.97,27.5,20,2022,Saverio Francini,"S Francini, RE McRoberts, G D'Amico, NC Coops, T Hermosilla, JC White, ...",An open science and open data approach for the statistically robust estimation of forest disturbance areas,"Computers in Earth Sciences (Q1); Earth-Surface Processes (Q1); Global and Planetary Change (Q1); Management, Monitoring, Policy and Law (Q1)"
Remote Sensing,1.283,Q1,144,5.45,17,18,2021,Jeremy Arkin,"J Arkin, NC Coops, LD Daniels, A Plowright",Estimation of vertical fuel layers in tree crowns using high density lidar data,Earth and Planetary Sciences (miscellaneous) (Q1)
International Journal of Remote Sensing,0.873,Q1,185,3.58,43,16,2020,Alex Graham,"ANV Graham, NC Coops, P Tompalski, A Plowright, M Wilcox",Effect of ground surface interpolation methods on the accuracy of forest attribute modelling using unmanned aerial systems-based digital aerial photogrammetry,Earth and Planetary Sciences (miscellaneous) (Q1)
Ecological Modelling,0.858,Q1,163,3.3,19.5,14,2021,Tristan Goodbody,"TRH Goodbody, NC Coops, V Srivastava, B Parsons, SP Kearney, ...",Mapping recreation and tourism use across grizzly bear recovery areas using social network data and maximum entropy modelling,Ecology (Q1); Ecological Modeling (Q2)
Canadian Journal of Forest Research,0.596,Q1,126,2.19,53,13,2022,Jose Riofrio,"J Riofrio, JC White, P Tompalski, NC Coops, MA Wulder",Harmonizing multi-temporal airborne laser scanning point clouds to derive periodic annual height increments in temperate mixedwood forests,Forestry (Q1); Ecology (Q2); Global and Planetary Change (Q3)
Forests,0.623,Q1,52,3.23,31,11,2018,Chris Mulverhill,"C Mulverhill, NC Coops, JC White, P Tompalski, PL Marshall, T Bailey",Enhancing the estimation of stem-size distributions for unimodal and bimodal stands in a boreal mixedwood forest with airborne laser scanning data,Forestry (Q1)
Remote Sensing Letters,0.659,Q2,47,2.57,29,11,2021,Liam Irwin,"L Irwin, NC Coops, M Queinnec, G McCartney, JC White",Single photon lidar signal attenuation under boreal forest conditions,Earth and Planetary Sciences (miscellaneous) (Q2); Electrical and Electronic Engineering (Q2)
Ecological Indicators,1.284,Q1,145,6.26,20,11,2022,Paul Hacker,"PW Hacker, NC Coops, E Laliberté, ST Michaletz",Variations in accuracy of leaf functional trait prediction due to spectral mixing,"Decision Sciences (miscellaneous) (Q1); Ecology (Q1); Ecology, Evolution, Behavior and Systematics (Q1)"
Global Change Biology,3.685,Q1,272,11.59,37,10,2020,Gregory Rickbeil,"GJM Rickbeil, NC Coops, EE Berman, CJR McClelland, DK Bolton, ...",Changing spring snow cover dynamics and early season forage availability affect the behavior of a large carnivore,Ecology (Q1); Environmental Chemistry (Q1); Environmental Science (miscellaneous) (Q1); Global and Planetary Change (Q1)
PLoS ONE,0.852,Q1,367,3.58,14.5,8,2022,Federico Lingua,"F Lingua, NC Coops, V Lafond, C Gaston, VC Griess","Characterizing, mapping and valuing the demand for forest recreation using crowdsourced social media data",Multidisciplinary (Q1)
ISPRS Journal of Photogrammetry and Remote Sensing,3.481,Q1,155,11.91,44,8,2022,Yangqian (Frederick) Qi,"Y Qi, NC Coops, LD Daniels, CR Butson",Comparing tree attributes derived from quantitative structure models based on drone and mobile laser scanning point clouds across varying canopy cover conditions,"Atomic and Molecular Physics, and Optics (Q1); Computer Science Applications (Q1); Computers in Earth Sciences (Q1); Engineering (miscellaneous) (Q1); Geography, Planning and Development (Q1)"
Scientific Reports,1.005,Q1,242,4.54,11,7,2020,Tristan Goodbody,"TRH Goodbody, P Tompalski, NC Coops, JC White, MA Wulder, M Sanelli",Uncovering spatial and ecological variability in gap size frequency distributions in the Canadian boreal forest,Multidisciplinary (Q1)
International Journal of Wildland Fire,0.847,Q1,93,3.25,18,6,2019,Jeremy Arkin,"J Arkin, NC Coops, T Hermosilla, LD Daniels, A Plowright",Integrated fire severity–land cover mapping using very-high-spatial-resolution aerial imagery and point clouds,Ecology (Q1); Forestry (Q1)
Forest Science,0.444,Q2,82,1.62,18,6,2021,Lukas Jarron,"LR Jarron, NC Coops, WH MacKenzie, P Dykstra",Detection and quantification of coarse woody debris in natural forest stands using airborne LiDAR,Ecology (Q2); Forestry (Q2); Ecological Modeling (Q3)
Agricultural and Forest Meteorology,1.719,Q1,175,6.42,19,6,2022,Sarah Smith-Tripp,"SM Smith-Tripp, BNI Eskelson, NC Coops, NB Schwartz","Canopy height impacts on the growing season and monthly microclimate in a burned forest of British Columbia, Canada",Agronomy and Crop Science (Q1); Atmospheric Science (Q1); Forestry (Q1); Global and Planetary Change (Q1)
Environmental Monitoring and Assessment,0.623,Q2,122,3.2,42,5,2013,Douglas Bolton,"DK Bolton, NC Coops, MA Wulder",Measuring forest structure along productivity gradients in the Canadian boreal with small-footprint Lidar,"Environmental Science (miscellaneous) (Q2); Management, Monitoring, Policy and Law (Q2); Medicine (miscellaneous) (Q2); Pollution (Q2)"
Administrative Science Quarterly,17.357,Q1,191,12.71,27,5,2021,Etiene Racine,"EB Racine, NC Coops, J Bégin, M Myllymäki","Tree species, crown cover, and age as determinants of the vertical distribution of airborne LiDAR returns",Arts and Humanities (miscellaneous) (Q1); Public Administration (Q1); Sociology and Political Science (Q1)
Journal of Biogeography,1.607,Q1,163,4.81,18,5,2018,Gregory Rickbeil,"GJM Rickbeil, T Hermosilla, NC Coops, JC White, MA Wulder, TC Lantz",Changing northern vegetation conditions are influencing barren ground caribou (Rangifer tarandus groenlandicus) post‐calving movement rates,"Ecology (Q1); Ecology, Evolution, Behavior and Systematics (Q1)"
Current Forestry Reports,1.684,Q1,29,10.14,18,5,2021,Piotr Tompalski,"P Tompalski, NC Coops, JC White, TRH Goodbody, CR Hennigar, ...",Estimating changes in forest attributes and enhancing growth projections: a review of existing approaches and future directions using airborne 3D point cloud data,"Ecology (Q1); Ecology, Evolution, Behavior and Systematics (Q1); Forestry (Q1); Nature and Landscape Conservation (Q1)"
Nature,17.897,Q1,1276,21.05,54,5,2019,Tristan Goodbody,"NC Coops, TRH Goodbody, L Cao",Four steps to extend drone use in research,Multidisciplinary (Q1)
International Journal of Digital Earth,0.903,Q1,50,4.88,13,5,2016,Txomin Hermosilla,"T Hermosilla, MA Wulder, JC White, NC Coops, GW Hobart, LB Campbell",Mass data processing of time series Landsat imagery: pixels to data products for forest monitoring,Earth and Planetary Sciences (miscellaneous) (Q1); Computer Science Applications (Q2); Software (Q2)
Ecological Informatics,0.868,Q1,60,5.06,41.5,4,2020,Cam McClelland,"CJR McClelland, NC Coops, SP Kearney, AC Burton, SE Nielsen, ...",Variations in grizzly bear habitat selection in relation to the daily and seasonal availability of annual plant-food resources,"Ecology (Q1); Ecology, Evolution, Behavior and Systematics (Q1); Modeling and Simulation (Q1); Applied Mathematics (Q2); Computational Theory and Mathematics (Q2); Computer Science Applications (Q2); Ecological Modeling (Q2)"
Applied Vegetation Science,0.897,Q1,67,3.74,30,4,2020,Cam McClelland,"CJR McClelland, NC Coops, EE Berman, SP Kearney, SE Nielsen, ...",Detecting changes in understorey and canopy vegetation cycles in West Central Alberta using a fusion of Landsat and MODIS,"Ecology (Q1); Management, Monitoring, Policy and Law (Q1); Nature and Landscape Conservation (Q1)"
Journal of Applied Remote Sensing,0.453,Q2,50,1.7,19.5,4,2018,Dave Williams,"DAR Williams, G Matasci, NC Coops, SE Gergel",Object-based urban landcover mapping methodology using high spatial resolution imagery and airborne laser scanning,Earth and Planetary Sciences (miscellaneous) (Q2)
Environmental Research Letters,2.111,Q1,142,6.41,24.5,4,2020,Txomin Hermosilla,"MA Wulder, T Hermosilla, JC White, NC Coops",Biomass status and dynamics over Canada’s forests: Disentangling disturbed area from associated aboveground biomass consequences,"Environmental Science (miscellaneous) (Q1); Public Health, Environmental and Occupational Health (Q1); Renewable Energy, Sustainability and the Environment (Q1)"
IEEE Geoscience and Remote Sensing Letters,1.403,Q1,125,4.64,2,3,2021,Andrew Chadwick,"AJ Chadwick, NC Coops, CW Bater, LA Martens, B White",Species Classification of Automatically Delineated Regenerating Conifer Crowns Using RGB and Near-Infrared UAV Imagery,Electrical and Electronic Engineering (Q1); Geotechnical Engineering and Engineering Geology (Q1)
Landscape Ecology,1.166,Q1,136,4.73,29,3,2018,Aria Guo,"X Guo, NC Coops, SE Gergel, CW Bater, SE Nielsen, JJ Stadt, M Drever",Integrating airborne lidar and satellite imagery to model habitat connectivity dynamics for spatial conservation prioritization,"Ecology (Q1); Geography, Planning and Development (Q1); Nature and Landscape Conservation (Q1)"
Science of the Total Environment,1.806,Q1,275,10.15,10,3,2021,Ben Hamilton,"B Hamilton, NC Coops, K Lokman",Time series monitoring of impervious surfaces and runoff impacts in Metro Vancouver,Environmental Chemistry (Q1); Environmental Engineering (Q1); Pollution (Q1); Waste Management and Disposal (Q1)
Ecological Applications,1.591,Q1,221,5.12,17,3,2022,Evan Muise,"ER Muise, NC Coops, T Hermosilla, SS Ban",Assessing representation of remote sensing derived forest structure and land cover across a network of protected areas,Ecology (Q1)
Ecosphere,1.151,Q1,66,3.34,9,3,2020,Ignacio San Miguel,"I San‐Miguel, NC Coops, RD Chavardès, DW Andison, PD Pickell",What controls fire spatial patterns? Predictability of fire characteristics in the Canadian boreal plains ecozone,"Ecology (Q1); Ecology, Evolution, Behavior and Systematics (Q1)"
Landscape and Urban Planning,1.908,Q1,178,8.08,70,3,2019,Riccardo Tortini,"R Tortini, AL Mayer, T Hermosilla, NC Coops, MA Wulder",Using annual Landsat imagery to identify harvesting over a range of intensities for non-industrial family forests,"Ecology (Q1); Management, Monitoring, Policy and Law (Q1); Nature and Landscape Conservation (Q1); Urban Studies (Q1)"
Progress in Physical Geography,0.89,Q1,108,3.71,182,3,2013,Ryan Powers,"RP Powers, NC Coops, JL Morgan, MA Wulder, TA Nelson, CR Drever, ...",A remote sensing approach to biodiversity assessment and regionalization of the Canadian boreal forest,"Earth and Planetary Sciences (miscellaneous) (Q1); Geography, Planning and Development (Q1)"
Diversity,0.668,Q1,43,2.88,19,3,2014,Ryan Powers,"TA Nelson, NC Coops, MA Wulder, L Perez, J Fitterer, R Powers, ...",Predicting climate change impacts to the Canadian boreal forest,Agricultural and Biological Sciences (miscellaneous) (Q1); Ecological Modeling (Q2); Ecology (Q2); Nature and Landscape Conservation (Q2)
Biological Conservation,2.14,Q1,213,7.14,24,3,2013,Ryan Powers,"RP Powers, NC Coops, T Nelson, MA Wulder, CR Drever",Integrating accessibility and intactness into large-area conservation planning in the Canadian boreal forest,"Ecology, Evolution, Behavior and Systematics (Q1); Nature and Landscape Conservation (Q1)"
Journal of Environmental Management,1.481,Q1,196,8.63,6,3,2019,Sean Kearney,"SP Kearney, NC Coops, GB Stenhouse, TA Nelson",EcoAnthromes of Alberta: An example of disturbance-informed ecological regionalization using remote sensing,"Environmental Engineering (Q1); Management, Monitoring, Policy and Law (Q1); Medicine (miscellaneous) (Q1); Waste Management and Disposal (Q1)"
BioScience,2.26,Q1,219,6.15,395,3,2010,Thomas Hilker,"NC Coops, T Hilker, FG Hall, CJ Nichol, GG Drolet",Estimation of light-use efficiency of terrestrial ecosystems from space: A status report,Agricultural and Biological Sciences (miscellaneous) (Q1)
Tree Physiology,1.179,Q1,136,4.1,62,3,2008,Thomas Hilker,"T Hilker, NC Coops, CR Schwalm, RPS Jassal, TA Black, P Krishnan",Effects of mutual shading of tree crowns on prediction of photosynthetic light-use efficiency in a coastal Douglas-fir forest,Physiology (Q1); Plant Science (Q1)
Journal of Forestry,0.554,Q1,77,1.65,25,3,2012,Thomas Hilker,"T Hilker, NC Coops, GJ Newnham, M van Leeuwen, MA Wulder, J Stewart, ...",Comparison of terrestrial and airborne LiDAR in describing stand structure of a thinned lodgepole pine forest,Forestry (Q1); Plant Science (Q2)
IEEE Transactions on Geoscience and Remote Sensing,2.404,Q1,269,6.94,80,3,2017,Thomas Hilker,"Y Zhou, T Hilker, W Ju, NC Coops, TA Black, JM Chen, X Wu",Modeling gross primary production for sunlit and shaded canopies across an evergreen and a deciduous site in canada,Earth and Planetary Sciences (miscellaneous) (Q1); Electrical and Electronic Engineering (Q1)
Sensors,0.803,Q1,196,4.35,11,3,2022,Thomas Miraglio,"T Miraglio, NC Coops",SUREHYP: An Open Source Python Package for Preprocessing Hyperion Radiance Data and Retrieving Surface Reflectance,"Analytical Chemistry (Q1); Instrumentation (Q1); Atomic and Molecular Physics, and Optics (Q2); Biochemistry (Q2); Electrical and Electronic Engineering (Q2); Information Systems (Q2); Medicine (miscellaneous) (Q2)"
Journal of Hydrology,1.611,Q1,241,6.51,198,2,2013,Andres Varhola,"A Varhola, NC Coops",Estimation of watershed-level distributed forest structure metrics relevant to hydrologic modeling using LiDAR and Landsat,Water Science and Technology (Q1)
IEEE Geoscience and Remote Sensing Magazine,2.231,Q1,37,8.63,20.5,2,2021,Aria Guo,"Q Guo, Y Su, T Hu, H Guan, S Jin, J Zhang, X Zhao, K Xu, D Wei, M Kelly, ...",Synthetic Aperture Radar Image Statistical Modeling: Part Two-Spatial Correlation Models and Simulation,Computer Science (miscellaneous) (Q1); Earth and Planetary Sciences (miscellaneous) (Q1); Electrical and Electronic Engineering (Q1); Instrumentation (Q1)
Geocarto International,0.644,Q1,47,3.18,2,2,2002,Carson White,"NC Coops, JD White, NA Scott",Assessment of regional forest and scrub productivity using a coupled vegetation process model with remote sensing,"Geography, Planning and Development (Q1); Water Science and Technology (Q2)"
Instrumentation Science and Technology,0.295,Q3,26,1.48,36.5,2,2011,Chris Bater,"CW Bater, NC Coops, MA Wulder, SE Nielsen, G McDermid, ...",Design and installation of a camera network across an elevation gradient for habitat assessment,Chemical Engineering (miscellaneous) (Q3); Environmental Science (miscellaneous) (Q3); Instrumentation (Q3)
Annals of Forest Science,0.802,Q1,82,3.45,12.5,2,2019,Chris Mulverhill,"C Mulverhill, NC Coops, P Tompalski, CW Bater, AR Dick",The utility of terrestrial photogrammetry for assessment of tree volume and taper in boreal mixedwood forests,Ecology (Q1); Forestry (Q1)
Frontiers in Plant Science,1.359,Q1,155,6.31,20,2,2022,Francois du Toit,"F du Toit, NC Coops, B Ratcliffe, YA El-Kassaby",Generating Douglas-fir Breeding Value Estimates Using Airborne Laser Scanning Derived Height and Crown Metrics,Plant Science (Q1)
Forest Ecosystems,1.027,Q1,26,4.26,18.5,2,2018,Giona Matasci,"G Matasci, NC Coops, DAR Williams, N Page",Mapping tree canopies in urban environments using airborne laser scanning (ALS): a Vancouver case study,"Ecology (Q1); Ecology, Evolution, Behavior and Systematics (Q1); Forestry (Q1); Nature and Landscape Conservation (Q1)"
Conservation Physiology,0.916,Q1,43,2.78,2.5,2,2021,Cam McClelland,"AE Wilson, SA Michaud, AM Jackson, G Stenhouse, CJR McClelland, ...",Protein biomarkers in serum as a conservation tool to assess reproduction: a case study on brown bears (Ursus arctos),"Management, Monitoring, Policy and Law (Q1); Nature and Landscape Conservation (Q1); Ecological Modeling (Q2); Physiology (Q2)"
Geoderma,1.875,Q1,177,7.16,20,2,2020,Matt Johnson,"SS Paul, NC Coops, MS Johnson, M Krzic, A Chandna, SM Smukler",Mapping soil organic carbon and clay using remote sensing to predict soil workability for enhanced climate change adaptation,Soil Science (Q1)
Computers and Electronics in Agriculture,1.595,Q1,133,8.04,64,2,2019,Nick Leach,"N Leach, NC Coops, N Obrknezev",Normalization method for multi-sensor high spatial and temporal resolution satellite imagery with radiometric inconsistencies,Agronomy and Crop Science (Q1); Animal Science and Zoology (Q1); Computer Science Applications (Q1); Forestry (Q1); Horticulture (Q1)
Forestry,0.663,Q1,68,2.72,21,2,2023,Piotr Tompalski,"NC Coops, P Tompalski, TRH Goodbody, A Achim, C Mulverhill",Framework for near real-time forest inventory using multi source remote sensing data,Forestry (Q1)
International Journal of Pest Management,0.375,Q2,47,1.88,23,2,2010,Sam Coggins,"SB Coggins, NC Coops, MA Wulder",Estimates of bark beetle infestation expansion factors with adaptive cluster sampling,Agronomy and Crop Science (Q2); Insect Science (Q3)
Ecology and Evolution,0.98,Q1,75,3.06,31.5,2,2016,Wiebe Nijland,"D MacNearney, K Pigeon, G Stenhouse, W Nijland, NC Coops, ...",Heading for the hills? Evaluating spatial distribution of woodland caribou in response to a growing anthropogenic disturbance footprint,"Ecology (Q1); Ecology, Evolution, Behavior and Systematics (Q1); Nature and Landscape Conservation (Q1)"
Ecosystems,1.371,Q1,158,4.34,50,2,2020,Yuhao Lu,"J Jin, SE Gergel, Y Lu, NC Coops, C Wang",Asian cities are greening while some North American cities are browning: long-term greenspace patterns in 16 cities of the Pan-Pacific region,"Ecology (Q1); Ecology, Evolution, Behavior and Systematics (Q1); Environmental Chemistry (Q1)"
"Computers, Environment and Urban Systems",1.703,Q1,97,6.81,8,1,2021,Agatha Czekajlo,"A Czekajlo, NC Coops, MA Wulder, T Hermosilla, JC White, ...",Mapping dynamic peri-urban land use transitions across Canada using Landsat time series: Spatial and temporal trends and associations with socio-demographic factors,"Ecological Modeling (Q1); Environmental Science (miscellaneous) (Q1); Geography, Planning and Development (Q1); Urban Studies (Q1)"
Arctic Science,0.607,Q1,7,2.51,22,1,2016,Allison Beamish,"AL Beamish, W Nijland, M Edwards, NC Coops, GHR Henry",Phenology and vegetation change measurements from true colour digital photography in high Arctic tundra,Agricultural and Biological Sciences (miscellaneous) (Q1); Earth and Planetary Sciences (miscellaneous) (Q2); Environmental Science (miscellaneous) (Q2)
Journal of Atmospheric and Oceanic Technology,0.883,Q1,130,2.4,32,1,2010,Andres Varhola,"A Varhola, J Wawerla, M Weiler, NC Coops, D Bewley, Y Alila","A new low-cost, stand-alone sensor system for snow monitoring",Ocean Engineering (Q1); Atmospheric Science (Q2)
Hydrology and Earth System Sciences,1.783,Q1,147,5.77,25,1,2012,Andres Varhola,"A Varhola, GW Frazer, P Teti, NC Coops",Estimation of forest structure metrics relevant to hydrologic modelling using coordinate transformation of airborne laser scanning data,Earth and Planetary Sciences (miscellaneous) (Q1); Water Science and Technology (Q1)
Hydrological Processes,1.014,Q1,169,3.55,13,1,2014,Andres Varhola,"A Varhola, NC Coops, Y Alila, M Weiler",Exploration of remotely sensed forest structure and ultrasonic range sensor metrics to improve empirical snow models,Water Science and Technology (Q1)
ISPRS International Journal of Geo-Information,0.721,Q1,52,3.51,4,1,2018,Andrew Plowright,"A Plowright, R Tortini, NC Coops",Determining Optimal Video Length for the Estimation of Building Height through Radial Displacement Measurement from Space,"Earth and Planetary Sciences (miscellaneous) (Q1); Geography, Planning and Development (Q1); Computers in Earth Sciences (Q2)"
Boundary-Layer Meteorology,1.101,Q2,117,3.48,168,1,2009,Baozhang Chen,"B Chen, TA Black, NC Coops, T Hilker, JA Trofymow, K Morgenstern",Assessing tower flux footprint climatology and scaling between remotely sensed and eddy covariance measurements,Atmospheric Science (Q2)
Measurement Science and Technology,0.477,Q2,145,2.21,37,1,2009,Baozhang Chen,"YB Cheng, EM Middleton, T Hilker, NC Coops, TA Black, P Krishnan",Dynamics of spectral bio-indicators and their correlations with light use efficiency using directional observations at a Douglas-fir forest,Engineering (miscellaneous) (Q2); Instrumentation (Q2); Applied Mathematics (Q3)
Theoretical and Applied Climatology,0.775,Q2,102,3.33,10,1,2014,Baozhang Chen,"B Chen, H Zhang, NC Coops, D Fu, DEJ Worthy, G Xu, TA Black",Assessing scalar concentration footprint climatology and land surface impacts on tall-tower CO2 concentration measurements in the boreal forest of central …,Atmospheric Science (Q2)
European Journal of Wildlife Research,0.628,Q2,51,2.2,8,1,2020,Bethany Parsons,"BM Parsons, NC Coops, GB Stenhouse, AC Burton, TA Nelson",Building a perceptual zone of influence for wildlife: delineating the effects of roads on grizzly bear movement,"Ecology, Evolution, Behavior and Systematics (Q2); Management, Monitoring, Policy and Law (Q2); Nature and Landscape Conservation (Q2)"
Canadian Journal of Zoology,0.575,Q1,109,1.58,3,1,2021,Bethany Parsons,"BM Parsons, NC Coops, SP Kearney, AC Burton, TA Nelson, ...",Road visibility influences habitat selection by grizzly bears (Ursus arctos horribilis),"Animal Science and Zoology (Q1); Ecology, Evolution, Behavior and Systematics (Q2)"
Journal of Spatial Science,0.367,Q2,27,1.68,32,1,2008,Sam Coggins,"MA Wulder, SM Ortlepp, JC White, NC Coops, SB Coggins",Monitoring tree‐level insect population dynamics with multi‐scale and multi‐source remote sensing,"Geography, Planning and Development (Q2); Atmospheric Science (Q3); Energy (miscellaneous) (Q3)"
Journal of Plant Ecology,0.584,Q2,42,1.69,9,1,2019,Chris Bater,"L Mao, CW Bater, JJ Stadt, B White, P Tompalski, NC Coops, SE Nielsen",Environmental landscape determinants of maximum forest canopy height of boreal forests,"Ecology (Q2); Ecology, Evolution, Behavior and Systematics (Q2); Plant Science (Q2)"
Forestry Chronicle,0.327,Q2,52,1.13,0,1,2021,Chris Bater,"NC Coops, A Achim, P Arp, CW Bater, JP Caspersen, JF Cote, JP Dech, ...","Advances in the application of remote sensing for forest information needs in Canada: lessons learned from a national collaboration of academic, industry, and government …",Forestry (Q2)
Applied Geography,1.169,Q1,108,5.04,10,1,2015,Fabio Fontana,"KR Holmes, NC Coops, TA Nelson, FMA Fontana, MA Wulder","Indicators of vegetation productivity under a changing climate in British Columbia, Canada","Environmental Science (miscellaneous) (Q1); Forestry (Q1); Geography, Planning and Development (Q1); Tourism, Leisure and Hospitality Management (Q1)"
Ecosystem Services,1.749,Q1,84,6.72,0,1,2022,Federico Lingua,"F Lingua, NC Coops, VC Griess",Valuing cultural ecosystem services combining deep learning and benefit transfer approach,"Agricultural and Biological Sciences (miscellaneous) (Q1); Ecology (Q1); Geography, Planning and Development (Q1); Global and Planetary Change (Q1); Management, Monitoring, Policy and Law (Q1); Nature and Landscape Conservation (Q1)"
Ecography,2.523,Q1,136,7.11,24,1,2018,Gregory Rickbeil,"NC Coops, GJM Rickbeil, DK Bolton, ME Andrew, NC Brouwers",Disentangling vegetation and climate as drivers of Australian vertebrate richness,"Ecology, Evolution, Behavior and Systematics (Q1)"
Diversity and Distributions,1.688,Q1,128,5.52,17,1,2014,Gregory Rickbeil,"GJM Rickbeil, NC Coops, ME Andrew, DK Bolton, N Mahony, TA Nelson",Assessing conservation regionalization schemes: employing a beta diversity metric to test the environmental surrogacy approach,"Ecology, Evolution, Behavior and Systematics (Q1)"
Polar Biology,0.735,Q1,81,2.06,11,1,2019,Gregory Rickbeil,"AB Campeau, GJM Rickbeil, NC Coops, SD Côté",Long-term changes in the primary productivity of migratory caribou (Rangifer tarandus) calving grounds and summer pasture on the Quebec-Labrador Peninsula …,Agricultural and Biological Sciences (miscellaneous) (Q1)
NeoBiota,1.004,Q1,23,3.94,0,1,2022,Paul Hacker,"PW Hacker, NC Coops", Using leaf functional traits to remotely detect Cytisus scoparius (Linnaeus) Link in endangered savannahs,"Animal Science and Zoology (Q1); Aquatic Science (Q1); Ecological Modeling (Q1); Ecology (Q1); Ecology, Evolution, Behavior and Systematics (Q1); Insect Science (Q1); Plant Science (Q1)"
Land,0.685,Q2,32,4.02,21,1,2014,Paul Pickell,"PD Pickell, SE Gergel, NC Coops, DW Andison",Monitoring forest change in landscapes under-going rapid energy development: challenges and new perspectives,Ecology (Q2); Nature and Landscape Conservation (Q2); Global and Planetary Change (Q3)
Forests Trees and Livelihoods,0.289,Q3,28,1.59,0,1,2010,Rachel Gaulton,"R Gaulton, T Hilker, MA Wulder, NC Coops, G Stenhouse","Blending of Landsat and MODIS imagery to generate a high spatial and temporal resolution sequence of stand-replacing disturbance events for western Alberta, Canada",Forestry (Q3)
Global Biogeochemical Cycles,2.194,Q1,196,5.96,32,1,2017,Robbie Hember,"RA Hember, WA Kurz, NC Coops",Increasing net ecosystem biomass production of Canada's boreal and temperate forests despite decline in dry climates,Atmospheric Science (Q1); Environmental Chemistry (Q1); Environmental Science (miscellaneous) (Q1); Global and Planetary Change (Q1)
Hydrology,0.569,Q2,21,3.12,16,1,2017,Robbie Hember,"RA Hember, NC Coops, DL Spittlehouse",Spatial and temporal variability of potential evaporation across North American forests,Earth-Surface Processes (Q2); Oceanography (Q2); Waste Management and Disposal (Q2); Water Science and Technology (Q2)
Advances in Water Resources,1.304,Q1,145,5.22,80,1,2017,Rory Tooke,"MG Giometto, A Christen, PE Egli, MF Schmid, RT Tooke, NC Coops, ...","Effects of trees on mean wind, turbulence and momentum exchange within and above a real urban environment",Water Science and Technology (Q1)
Energy and Buildings,1.682,Q1,198,7.13,55,1,2014,Rory Tooke,"TR Tooke, NC Coops, J Webster",Predicting building ages from LiDAR data with random forests for building energy modeling,Building and Construction (Q1); Civil and Structural Engineering (Q1); Electrical and Electronic Engineering (Q1); Mechanical Engineering (Q1)
Solar Energy,1.418,Q1,194,7.13,44,1,2012,Rory Tooke,"TR Tooke, NC Coops, A Christen, O Gurtuna, A Prévot",Integrated irradiance modelling in the urban environment based on remotely sensed data,"Materials Science (miscellaneous) (Q1); Renewable Energy, Sustainability and the Environment (Q1)"
Applied Energy,3.062,Q1,235,11.3,39,1,2014,Rory Tooke,"TR Tooke, M Van Der Laan, NC Coops",Mapping demand for residential building thermal energy services using airborne LiDAR,"Building and Construction (Q1); Energy (miscellaneous) (Q1); Management, Monitoring, Policy and Law (Q1); Mechanical Engineering (Q1)"
Building and Environment,1.498,Q1,172,6.92,12,1,2013,Rory Tooke,"TR Tooke, NC Coops, A Christen",A point obstruction stacking (POSt) approach to wall irradiance modeling across urban environments,"Building and Construction (Q1); Civil and Structural Engineering (Q1); Environmental Engineering (Q1); Geography, Planning and Development (Q1)"
Remote Sensing in Ecology and Conservation,1.452,Q1,27,7.35,8,1,2017,Ryan Powers,"RP Powers, NC Coops, VJ Tulloch, SE Gergel, TA Nelson, MA Wulder",A conservation assessment of Canada's boreal forest incorporating alternate climate change scenarios,"Computers in Earth Sciences (Q1); Ecology (Q1); Ecology, Evolution, Behavior and Systematics (Q1); Nature and Landscape Conservation (Q1)"
Silva Fennica,0.408,Q2,63,1.41,8,1,2010,Sam Coggins,"SB Coggins, NC Coops, MA Wulder",Improvement of low level bark beetle damage estimates with adaptive cluster sampling,Forestry (Q2); Ecological Modeling (Q3)
Remote Sensing Applications: Society and Environment,0.84,Q1,27,4.93,4,1,2020,Sam Herniman,"S Herniman, NC Coops, K Martin, P Thomas, JE Luther, OR van Lier",Modelling avian habitat suitability in boreal forest using structural and spectral remote sensing data,"Computers in Earth Sciences (Q1); Geography, Planning and Development (Q1)"
Oecologia,1.067,Q1,203,3.08,70,1,2011,Thomas Hilker,"T Hilker, A Gitelson, NC Coops, FG Hall, TA Black",Tracking plant physiological properties from multi-angular tower-based remote sensing,"Ecology, Evolution, Behavior and Systematics (Q1)"
Journal of Applied Meteorology and Climatology,1.242,Q2,142,3.21,52,1,2009,Todd Schroeder,"TA Schroeder, R Hember, NC Coops, S Liang",Validation of solar radiation surfaces from MODIS and reanalysis data over topographically complex terrain,Atmospheric Science (Q2)
Journal of Vegetation Science,0.945,Q1,122,3.43,23,1,2010,Todd Schroeder,"TA Schroeder, A Hamann, T Wang, NC Coops",Occurrence and dominance of six Pacific Northwest conifer species,Ecology (Q1); Plant Science (Q1)
Restoration Ecology,1.099,Q1,106,4,12,1,2011,Trevor Jones,"TG Jones, NC Coops, T Sharma",Exploring the Utility of Hyperspectral Imagery and LiDAR Data for Predicting Quercus garryana Ecosystem Distribution and Aiding in Habitat Restoration,"Ecology (Q1); Ecology, Evolution, Behavior and Systematics (Q1); Nature and Landscape Conservation (Q1)"
Frontiers in Environmental Science,1.233,Q1,50,4.75,4,1,2022,Yangqian (Frederick) Qi,"Y Qi, NC Coops, LD Daniels, CR Butson",Assessing the effects of burn severity on post-fire tree structures using the fused drone and mobile laser scanning point clouds,Environmental Science (miscellaneous) (Q1)
